a7fad68105cc2cc158cbc0b7b02e9198,"Threat Research",dcfe0ba3867d771a9ce8f3150fd4d23f
c59ab696cf2ded380a1a6e2d9dc6e4f6,"Threat Research",f6b53c92399c09bfc08dde86c425bb0a
8c7d5023664e24463d2b70e91699c68c,"Threat Research",3c5a7b174b8ad0189f7289f026c94abb
73c7998c00063ece3962ff316e727576,"Threat Research",b3ef8d92eac7d3cba0d12a6a713d49e6
2e88c285e1d4e6fdee26bb6b4da00a0b,"Threat Research",550aa5bcf227c6e13712786a036cc41d
a7f49051d525cb9201199a3624bba28e,"Threat Research",5f5f113dc35c51c6867d0d2901b1b644
f787893db2ea1534d7c19e309a8bc9f8,"Threat Research",2e0330355045266103abc89cba2a7edb
766c32b692961466dd845af424892364,"Threat Research",7068fd21259692028c1b296eeb0e6066
59de154621a34ea272382189f65e454c,"Threat Research",18c16abaed468765b8c9f82556099c42
e4a75a150fa4d8f98b2bb979054a3438,"Threat Research",44f19a6292f0281b0bdc3d09fbe262a5
5814efe8cf8bae360b884dd58d628796,"Threat Research",44f19a6292f0281b0bdc3d09fbe262a5
f8e8ad63a51635c7cc0c91662d30cd26,"Threat Research",fd3a8064bda19fcfe2e21661e6be35fa
793c2e266358cc78d5f0772a10a22140,"Threat Research",fd3a8064bda19fcfe2e21661e6be35fa
2c2385d7957e060c139cd69b3f586072,"Threat Research",1bc1e624540c4d7730e79d9083e8f8fd
47ddc6231f6f1de5dcc4379e67528067,"Threat Research",0b207af30a0d2558e9b29a7540252e29
20c55fd92064a0b4ce4e5479ee83fb97,"Threat Research",d89d27c8fc75ce84a10c7a10093d66ff
6664c731ace4f92811d0755d47dc3886,"Threat Research",3c0334f1d826b34098a01bb84ae0ac4b
c90da637dfc99c034bd91eb72291a58b,"Threat Research",b75d56ab539d115f2769f82059e4adc2
3c1a766e267cb07ce9b2cce6910d3e5e,"Threat Research",42a3dbefe3ce46d2106acd370192133d
72a1f3231e8a113fc93e54cb6cd321b1,"Threat Research",9e31991b353306e7547b29ce4b938ddb
2e4fd61e185e4c1e0d245d462e96f063,"Threat Research",074bfc175dffeba4ee697de64c860578
df8864cff3d09d54e74db67f5f85295c,"Threat Research",ad551f6ca2043fe16111ee50fb463994
450f4354927442e5b744c4c774185762,"Threat Research",ad551f6ca2043fe16111ee50fb463994
fda9a2e088a915496b866b9cf7c8281e,"Threat Research",ad551f6ca2043fe16111ee50fb463994
2772f6b438956a09b2727efaf5fe810f,"Threat Research",1a61fc000a1be5dd0c4d94c0cc543e84
949fca83a7aae0a9fc49cebd55a7d4ff,"Threat Research",1a61fc000a1be5dd0c4d94c0cc543e84
100e782ea3ecec4140fb042ff8acef26,"Threat Research",787ad641e6dbfe9bedcf9a74520037c6
ef234b8baeb67585d76d6ef46cf8907d,"Threat Research",60b67849e9e21a881bcf65d71e54c987
ff2687b2f14d17d7af8d8f3ec46a4afa,"Threat Research",cad55e38f8680a50d68737de0755ac56
5109ba9dde37ab279343ef44c7df5dad,"Threat Research",34cf132bc71fcc775ccdd2cf7c8f7ee7
a2386e0f22dd1bf9ceb1f574f4f767ba,"Threat Research",61f872aabdf8315dd165a6f8333d4a59
cc7a43fca150470b01bcddc0328cb6ee,"Threat Research",f87eda440abb317e09f9be414436e370
1640280438c1381009ed326f30819871,"Threat Research",9fea8ff6e9f53a8b48cf57078b0f83fc
85c1072bc4d19cb63412d7e276ce8066,"Threat Research",1407e34342ac389526651d17154de22f
3ea8c2ee610645639783c90e7bc3a842,"Threat Research",da0de3ee49de6285afd416213e8edf81
7833e8ddc06f42e2ff8a91ddf8879658,"Threat Research",da0de3ee49de6285afd416213e8edf81
50b4ee1783881c92291f02aa630f805d,"Threat Research",abbfd13562d800f89fa638fa134636e8
767a15207489ae2191d78d1e02c70ae7,"Threat Research",abbfd13562d800f89fa638fa134636e8
00c6d70065c7e353ccc3ba4a72c06cf1,"Threat Research",afe25305ef33adf2ddcee24ea57d68fa
0765ecd40f16176a0a26b4882d3d7f30,"Threat Research",1ef3aa07c10e21dbe8bb0cf29532e970
dd76623b3aafeb7baa510bc67335c0d4,"Threat Research",a9cd61e3fd1221cb5967457b008e9d49
05301ae57feea20957ca9f5e70264cd9,"Threat Research",a9cd61e3fd1221cb5967457b008e9d49
1fcca8406d8bd960b3a77aaec1c59b70,"Threat Research",bf2430a4c45f55d4ebf4b6b56098b409
cae3792eedc22c2327d5bf100070688a,"Threat Research",bf2430a4c45f55d4ebf4b6b56098b409
433084eb3dc3719c2e0f4bffd00274a1,"Threat Research",e6d353eb51dca5d5bb8e021228b30e18
ef0ccbd6d6225d9f1f419af66883b8fc,"Threat Research",2762cd018b4785f4f5f70cd0a24cacdd
647e76c130ef17b1397225b752e8f52c,"Threat Research",2762cd018b4785f4f5f70cd0a24cacdd
7e7ad73f1dcbd5f8e294d421e0106513,"Threat Research",2762cd018b4785f4f5f70cd0a24cacdd
fb23ba25d654dfdeb976cfc7af0214a3,"Threat Research",2762cd018b4785f4f5f70cd0a24cacdd
e08af6a18cd1e57e546e2fbb04bac6fd,"Threat Research",fd24b50a9a74b8ac92d4e4371e92d0bf
01d66066e89da12153f5e3ed24576d8d,"Threat Research",37b1c20c3a8e9df9e9defc3e48a4ded6
ede8c1c8092266c66aa1a3116d71617e,"Threat Research",fcf886300380f2de5ccbe27b03d1f671
eff26137ad1d4770c2341db308ce40cb,"Threat Research",aa273b7b25256a7b876e47c5682e4a68
4c1ef8ad82e847633149244c511f6672,"Threat Research",3ac5fa95ce422d7c0de5828badd151a4
754c827d265f99e01a448fcee11672ea,"Threat Research",3ac5fa95ce422d7c0de5828badd151a4
4053cd8342e8df4486a1651e71d8b888,"Threat Research",3ac5fa95ce422d7c0de5828badd151a4
2170688d84c99a335a7e6229805d431a,"Threat Research",3ac5fa95ce422d7c0de5828badd151a4
ad598d547e6f012d9396ce776b0f3016,"Threat Research",774293ff6ae40ae24acecbcdf133e576
edb8ba12e1e310b60856b42dcd43caa1,"Threat Research",e2be937291957a73e023636e3531d8d9
e9a3e8abb2bda24cd3153d025ed209e5,"Threat Research",1800328e1a3e38ea7998426099913b8c
e43815f171a04173308a3b8c8712c5d6,"Threat Research",2a1485f5f5f3ea85bfc05137ca4159fc
5ea314e8e1d292d8006d5849a20f544a,"Threat Research",31fc6411e576cf7b637dd5524071e6b1
2faefed2b2d48069a0b7670913861f84,"Threat Research",dfa9d0c5135177207e74653c07183c01
616bf646cd4634c67991ecb3f93a5387,"Threat Research",d0e5e2aa895cd23e8238561b7a0ff551
be387fd4224b9fc23512873cbeadc12c,"Threat Research",ad869415bc42d5384876411c238595a7
19ecb38505472b29eba4180f82393a65,"Threat Research",a1d3ec3b81dfb60b4d1390d45e4b679a
0bb3765304ca12af775f010d5cc84769,"Threat Research",a1d3ec3b81dfb60b4d1390d45e4b679a
a6196df89191d66018f6582e6fc1e200,"Threat Research",a1d3ec3b81dfb60b4d1390d45e4b679a
0aa65a07d05dad4ee5af53999b79155c,"Threat Research",8e5952b3bc43d84950ec595f35c5d137
b8a6ddc941bf8cbc4395d12cd1a62741,"Threat Research",5338713d6e632aa8c30529a8e90ac410
60fb9873b668b1f93ef3a2d27e0d4e8d,"Threat Research",60b758342f187331ee86635264cdb86f
6801011e3f65aa88e50e2745d0c41c3f,"Threat Research",c8b0f197580c6c255b2978804583a6ba
65f180d6cb38ac5c6be0d4d1e9793115,"Threat Research",5fdb4b26a23d91f92b5e8e0fe6a4dc5b
9801760d153ea8ca749f9279ce1a212b,"Threat Research",9d7b2b52c987a8a64a9ff344e63aeb32
